<?xml version="1.0" encoding="UTF-8"?>
<project-private xmlns="http://www.netbeans.org/ns/project-private/1">
    <editor-bookmarks xmlns="http://www.netbeans.org/ns/editor-bookmarks/2" lastBookmarkId="1">
        <file>
            <url>src/Dao/SoKhamDao.java</url>
            <bookmark id="1">
                <name/>
                <line>132</line>
                <key/>
            </bookmark>
        </file>
    </editor-bookmarks>
    <open-files xmlns="http://www.netbeans.org/ns/projectui-open-files/2">
        <group>
            <file>file:/C:/Users/buiva/OneDrive/NetBeansProjects/DA1/src/View/ThanhToanJFrame.java</file>
            <file>file:/C:/Users/buiva/OneDrive/NetBeansProjects/DA1/src/View/PhieuKhamJP.java</file>
            <file>file:/C:/Users/buiva/OneDrive/NetBeansProjects/DA1/src/View/Main.java</file>
            <file>file:/C:/Users/buiva/OneDrive/NetBeansProjects/DA1/src/View/SoKhamJP.java</file>
        </group>
    </open-files>
</project-private>
