<?xml version="1.0" encoding="UTF-8"?>
<project-private xmlns="http://www.netbeans.org/ns/project-private/1">
    <editor-bookmarks xmlns="http://www.netbeans.org/ns/editor-bookmarks/2" lastBookmarkId="0"/>
    <open-files xmlns="http://www.netbeans.org/ns/projectui-open-files/2">
        <group>
            <file>file:/C:/Users/buiva/OneDrive/NetBeansProjects/DA1/src/Entity/BenhNhanEntity.java</file>
            <file>file:/C:/Users/buiva/OneDrive/NetBeansProjects/DA1/src/controller/ChuyenManHinhController.java</file>
            <file>file:/C:/Users/buiva/OneDrive/NetBeansProjects/DA1/src/Entity/BacSiEntity.java</file>
            <file>file:/C:/Users/buiva/OneDrive/NetBeansProjects/DA1/src/View/Main.java</file>
            <file>file:/C:/Users/buiva/OneDrive/NetBeansProjects/DA1/src/View/BenhNhanJP.java</file>
            <file>file:/C:/Users/buiva/OneDrive/NetBeansProjects/DA1/src/View/SoKhamJP.java</file>
            <file>file:/C:/Users/buiva/OneDrive/NetBeansProjects/DA1/src/View/SoKhamChiTietJP.java</file>
            <file>file:/C:/Users/buiva/OneDrive/NetBeansProjects/DA1/src/Dao/BenhNhanDao.java</file>
        </group>
    </open-files>
</project-private>
