<?xml version="1.0" encoding="UTF-8"?>
<project-private xmlns="http://www.netbeans.org/ns/project-private/1">
    <editor-bookmarks xmlns="http://www.netbeans.org/ns/editor-bookmarks/2" lastBookmarkId="0"/>
    <open-files xmlns="http://www.netbeans.org/ns/projectui-open-files/2">
        <group>
            <file>file:/C:/Users/buiva/OneDrive/NetBeansProjects/DA1/src/Entity/TaiKhoanEntity.java</file>
            <file>file:/C:/Users/buiva/OneDrive/NetBeansProjects/DA1/src/Dao/Database.java</file>
            <file>file:/C:/Users/buiva/OneDrive/NetBeansProjects/DA1/src/Entity/BacSiEntity.java</file>
            <file>file:/C:/Users/buiva/OneDrive/NetBeansProjects/DA1/src/utils/Auth.java</file>
            <file>file:/C:/Users/buiva/OneDrive/NetBeansProjects/DA1/src/View/Main.java</file>
            <file>file:/C:/Users/buiva/OneDrive/NetBeansProjects/DA1/src/View/DangNhapJDialog.java</file>
            <file>file:/C:/Users/buiva/OneDrive/NetBeansProjects/DA1/src/Dao/TaiKhoanDao.java</file>
        </group>
    </open-files>
</project-private>
